{
  "model_name": "RandomForestClassifier",
  "params": {
    "ma_short": 5,
    "ma_long": 20,
    "position_size": 0.05,
    "stop_loss_pct": 0.01,
    "take_profit_pct": 0.02,
    "trailing_stop_pct": 0.02,
    "trailing_stop_activation_pct": 0.01,
    "max_positions": 1,
    "max_long_positions": 1,
    "max_short_positions": 1,
    "bb_period": 20,
    "bb_std": 2.0,
    "rsi_period": 14,
    "stoch_k": 14,
    "stoch_d": 3,
    "macd_fast": 12,
    "macd_slow": 26,
    "macd_signal": 9,
    "atr_period": 14,
    "adx_period": 14,
    "cci_period": 20,
    "williams_period": 14,
    "mfi_period": 14,
    "obv_period": 10,
    "roc_period": 10,
    "momentum_period": 10,
    "kama_period": 30,
    "trix_period": 14,
    "ultosc_period1": 7,
    "ultosc_period2": 14,
    "ultosc_period3": 28,
    "aroon_period": 14,
    "bop_period": 14,
    "dx_period": 14,
    "minus_di_period": 14,
    "plus_di_period": 14,
    "minus_dm_period": 14,
    "plus_dm_period": 14,
    "ppo_fast": 12,
    "ppo_slow": 26,
    "ppo_signal": 9,
    "rsi2_period": 2
  },
  "feature_importance": {
    "ma_short": 0.0262831350853962,
    "ma_long": 0.024395688993650806,
    "bb_upper": 0.02570393438822994,
    "bb_middle": 0.02448824148944872,
    "bb_lower": 0.023784691085152267,
    "rsi": 0.021731528547386057,
    "stoch_k": 0.023031585955562872,
    "stoch_d": 0.022574041092090023,
    "macd": 0.03155746838191135,
    "macd_signal": 0.03291520809250886,
    "macd_hist": 0.028097790002369994,
    "atr": 0.05266979090045498,
    "adx": 0.03255452909813895,
    "cci": 0.022180483194247504,
    "williams_r": 0.02059658691718644,
    "mfi": 0.02456196518865288,
    "obv": 0.02758061283055407,
    "obv_ma": 0.028274837508704815,
    "roc": 0.02689792471764741,
    "momentum": 0.024070671816788927,
    "kama": 0.024574062612638538,
    "trix": 0.030122734597627345,
    "ultosc": 0.02383087816127875,
    "aroon_up": 0.0116903090644722,
    "aroon_down": 0.011222761194632098,
    "bop": 0.02192131531096994,
    "dx": 0.023721002565901275,
    "minus_di": 0.02386405507325439,
    "plus_di": 0.02609559584497163,
    "ppo": 0.030365538434459285,
    "ma_cross": 0.0013548059269921202,
    "bb_position": 0.021551031520631793,
    "rsi_oversold": 0.0005820026016807203,
    "rsi_overbought": 0.0008846887835396311,
    "stoch_oversold": 0.0011939043426435721,
    "stoch_overbought": 0.001200175301141232,
    "macd_bullish": 0.001915090758498703,
    "macd_bearish": 0.0019429129767555586,
    "price_change_1": 0.02462113434547324,
    "price_change_5": 0.02642519932674976,
    "price_change_10": 0.02194541198413862,
    "volume_change_1": 0.021443483357293913,
    "volume_change_5": 0.022998774180231496,
    "volatility_5": 0.03866353161589257,
    "volatility_20": 0.04191888483204869
  },
  "baseline_performance": null,
  "train_date": "2025-09-10T18:58:26.525017"
}