{
  "model_name": "RandomForestClassifier",
  "params": {
    "ma_short": 5,
    "ma_long": 20,
    "position_size": 0.05,
    "stop_loss_pct": 0.01,
    "take_profit_pct": 0.02,
    "trailing_stop_pct": 0.02,
    "trailing_stop_activation_pct": 0.01,
    "max_positions": 1,
    "max_long_positions": 1,
    "max_short_positions": 1,
    "bb_period": 20,
    "bb_std": 2.0,
    "rsi_period": 14,
    "stoch_k": 14,
    "stoch_d": 3,
    "macd_fast": 12,
    "macd_slow": 26,
    "macd_signal": 9,
    "atr_period": 14,
    "adx_period": 14,
    "cci_period": 20,
    "williams_period": 14,
    "mfi_period": 14,
    "obv_period": 10,
    "roc_period": 10,
    "momentum_period": 10,
    "kama_period": 30,
    "trix_period": 14,
    "ultosc_period1": 7,
    "ultosc_period2": 14,
    "ultosc_period3": 28,
    "aroon_period": 14,
    "bop_period": 14,
    "dx_period": 14,
    "minus_di_period": 14,
    "plus_di_period": 14,
    "minus_dm_period": 14,
    "plus_dm_period": 14,
    "ppo_fast": 12,
    "ppo_slow": 26,
    "ppo_signal": 9,
    "rsi2_period": 2
  },
  "feature_importance": {
    "ma_short": 0.029926570237341354,
    "ma_long": 0.028407732824085475,
    "bb_upper": 0.027023876711745314,
    "bb_middle": 0.027457413952537105,
    "bb_lower": 0.02881971751591664,
    "rsi": 0.021656743881044337,
    "stoch_k": 0.02240915030854454,
    "stoch_d": 0.02223266149737031,
    "macd": 0.03146251735521702,
    "macd_signal": 0.03617865623225306,
    "macd_hist": 0.02753486238148255,
    "atr": 0.056527652516254794,
    "adx": 0.03210216541502445,
    "cci": 0.02061087557365695,
    "williams_r": 0.020420562889572037,
    "mfi": 0.023506564495780084,
    "obv": 0.024461099201182494,
    "obv_ma": 0.026861945827170122,
    "roc": 0.024000415491313216,
    "momentum": 0.02461362706679978,
    "kama": 0.02900372552004939,
    "trix": 0.030057156755543515,
    "ultosc": 0.022104286005260567,
    "aroon_up": 0.010671217579176759,
    "aroon_down": 0.01097166318716732,
    "bop": 0.018793007891834145,
    "dx": 0.020521106144220546,
    "minus_di": 0.022095091808777337,
    "plus_di": 0.021112941327546136,
    "ppo": 0.03031497583598274,
    "ma_cross": 0.0010602485266840709,
    "bb_position": 0.021770978830129743,
    "rsi_oversold": 0.0007815101101487626,
    "rsi_overbought": 0.00034285558486341994,
    "stoch_oversold": 0.001347108123188109,
    "stoch_overbought": 0.0015780128819569347,
    "macd_bullish": 0.0017764511475388792,
    "macd_bearish": 0.0017737336415082914,
    "price_change_1": 0.023225492535793094,
    "price_change_5": 0.025753076452190618,
    "price_change_10": 0.0249743188232118,
    "volume_change_1": 0.020726947105550612,
    "volume_change_5": 0.02048186733889677,
    "volatility_5": 0.039179852009082874,
    "volatility_20": 0.04336756345940595
  },
  "baseline_performance": null,
  "train_date": "2025-09-10T18:10:28.348521"
}