year,total_return,final_capital,total_trades,win_rate,max_drawdown
2018,-96.85935727977565,314.06427202243424,454,31.938325991189426,97.60431406626017
2019,9.03346661280326,10903.346661280326,202,36.13861386138614,52.97778333735332
2020,-9.145716997091094,9085.42830029089,211,37.44075829383886,39.65147237892837
2021,-91.79041130966264,820.9588690337354,396,30.808080808080806,95.00686505917157
2022,-59.790252924162104,4020.9747075837895,176,35.79545454545455,63.1714211704985
2023,65.796443197419,16579.6443197419,47,55.319148936170215,24.44554638037475
2024,105.88481155469607,20588.481155469606,87,50.57471264367817,13.569817849055173
2025,27.047803407873378,12704.780340787338,48,43.75,19.409423952416898
